-- phpMyAdmin SQL Dump
-- version 5.2.0
-- https://www.phpmyadmin.net/
--
-- Host: 127.0.0.1:3306
-- Generation Time: Nov 25, 2023 at 12:31 AM
-- Server version: 8.0.31
-- PHP Version: 8.0.26

SET SQL_MODE = "NO_AUTO_VALUE_ON_ZERO";
START TRANSACTION;
SET time_zone = "+00:00";


/*!40101 SET @OLD_CHARACTER_SET_CLIENT=@@CHARACTER_SET_CLIENT */;
/*!40101 SET @OLD_CHARACTER_SET_RESULTS=@@CHARACTER_SET_RESULTS */;
/*!40101 SET @OLD_COLLATION_CONNECTION=@@COLLATION_CONNECTION */;
/*!40101 SET NAMES utf8mb4 */;

--
-- Database: `db_nt3102`
--

DELIMITER $$
--
-- Procedures
--
DROP PROCEDURE IF EXISTS `EventManager`$$
CREATE DEFINER=`root`@`localhost` PROCEDURE `EventManager` (IN `eventNameVal` VARCHAR(255), IN `eventDescVal` VARCHAR(255), IN `eventIDVal` INT, IN `eventDateVal` TIMESTAMP, IN `orgIDVal` INT)   BEGIN
	SET @statusID = 1;
    INSERT INTO events (eventID,eventName,eventDesc,e_date,org_ID,statusID) VALUES (eventIDVal,eventNameVal,eventDescVal,evenDateVal,orgIDVal,@statusID);
    SET @eventID = LAST_INSERT_ID();
    SET @superID = orgIDVal;
    INSERT INTO eventrecords(eventID,superID) VALUES ( @eventID, orgIDVal);
END$$

DROP PROCEDURE IF EXISTS `RegisterModerator`$$
CREATE DEFINER=`root`@`localhost` PROCEDURE `RegisterModerator` (IN `org_namevalue` VARCHAR(255), IN `passwordvalue` VARCHAR(255), IN `usernamevalue` VARCHAR(255), IN `deptIDvalue` INT)   BEGIN
	SET @salt = (SUBSTRING(MD5(RAND()), 1, 10));
    SET @password = SHA2(CONCAT(passwordvalue,@salt),256);
    INSERT INTO superusers (username,password,salt) VALUES (usernamevalue,@password,@salt);
    SET @superID = LAST_INSERT_ID();
    
    INSERT INTO organization (dept_ID,org_name,superID) VALUES ( deptIDvalue, org_namevalue,@superID);
END$$

DROP PROCEDURE IF EXISTS `registerStudents`$$
CREATE DEFINER=`root`@`localhost` PROCEDURE `registerStudents` (IN `sr_codeIN` VARCHAR(10), IN `firstnameIN` VARCHAR(255), IN `lastnameIN` VARCHAR(255))   BEGIN
    INSERT INTO tb_studentinfo(lastname, firstname, course) VALUES (lastnameIN, firstnameIN, 'BSIT'); 
    SET @studid = LAST_INSERT_ID();
    INSERT INTO students(sr_code, courseID, year, section, stud_id) VALUES (sr_codeIN, 6, '3rd', 'NT-3102', @studid);
    SET @salt =  SUBSTRING(MD5(RAND()) FROM 1 FOR 10);
	SET @password = SHA2(CONCAT(sr_codeIN,@salt),256);
	INSERT INTO userstudents(sr_code,password,salt) values(sr_codeIN,@password,@salt);
END$$

DELIMITER ;

-- --------------------------------------------------------

--
-- Stand-in structure for view `atendees_view`
-- (See below for the actual view)
--
DROP VIEW IF EXISTS `atendees_view`;
CREATE TABLE IF NOT EXISTS `atendees_view` (
`attendeeID` int
,`DateRegistered` timestamp
,`department_Name` varchar(100)
,`event_deptid` int
,`eventDesc` varchar(50)
,`eventID` int
,`eventName` varchar(50)
,`org_Name` varchar(255)
,`stud_deptid` int
,`userID` int
);

-- --------------------------------------------------------

--
-- Table structure for table `course`
--

DROP TABLE IF EXISTS `course`;
CREATE TABLE IF NOT EXISTS `course` (
  `courseID` int NOT NULL AUTO_INCREMENT,
  `courseName` text NOT NULL,
  `dept_ID` int NOT NULL,
  PRIMARY KEY (`courseID`),
  KEY `dept_ID` (`dept_ID`)
) ENGINE=MyISAM AUTO_INCREMENT=10 DEFAULT CHARSET=utf8mb4 COLLATE=utf8mb4_0900_ai_ci;

--
-- Dumping data for table `course`
--

INSERT INTO `course` (`courseID`, `courseName`, `dept_ID`) VALUES
(1, 'Bachelor of Science in Business Administration', 1),
(2, 'Bachelor of Science in Management Accounting', 1),
(3, 'Bachelor of Science in Psychology', 2),
(4, 'Bachelor of Arts in Communication', 2),
(5, 'Bachelor of Industrial Technology', 3),
(6, 'Bachelor of Science in Information Technology', 4),
(7, 'Bachelor of Science in Computer Science', 4),
(8, 'Bachelor of Secondary Education', 5),
(9, 'Bachelor of Science in Industrial Engineering ', 6);

-- --------------------------------------------------------

--
-- Table structure for table `department`
--

DROP TABLE IF EXISTS `department`;
CREATE TABLE IF NOT EXISTS `department` (
  `dept_ID` int NOT NULL AUTO_INCREMENT,
  `department_Name` varchar(100) NOT NULL,
  PRIMARY KEY (`dept_ID`)
) ENGINE=MyISAM AUTO_INCREMENT=7 DEFAULT CHARSET=utf8mb4 COLLATE=utf8mb4_0900_ai_ci;

--
-- Dumping data for table `department`
--

INSERT INTO `department` (`dept_ID`, `department_Name`) VALUES
(0, 'General Department'),
(1, 'CABEIHM'),
(2, 'CAS'),
(3, 'CIT'),
(4, 'CICS'),
(5, 'CTE'),
(6, 'CE');

-- --------------------------------------------------------

--
-- Table structure for table `eventattendees`
--

DROP TABLE IF EXISTS `eventattendees`;
CREATE TABLE IF NOT EXISTS `eventattendees` (
  `attendeeID` int NOT NULL,
  `eventID` int NOT NULL,
  `sr_code` varchar(11) NOT NULL,
  `DateRegistered` timestamp NOT NULL DEFAULT CURRENT_TIMESTAMP
) ENGINE=MyISAM DEFAULT CHARSET=utf8mb4 COLLATE=utf8mb4_0900_ai_ci;

--
-- Dumping data for table `eventattendees`
--

INSERT INTO `eventattendees` (`attendeeID`, `eventID`, `sr_code`, `DateRegistered`) VALUES
(1, 1, '21-33273', '2023-11-20 01:28:13');

-- --------------------------------------------------------

--
-- Table structure for table `eventrecords`
--

DROP TABLE IF EXISTS `eventrecords`;
CREATE TABLE IF NOT EXISTS `eventrecords` (
  `recordID` int NOT NULL AUTO_INCREMENT,
  `eventID` varchar(255) DEFAULT NULL,
  `remarks` varchar(255) NOT NULL,
  `superID` int NOT NULL,
  PRIMARY KEY (`recordID`),
  KEY `superID` (`superID`),
  KEY `statusID` (`eventID`(250)),
  KEY `fk_eventID` (`eventID`(250))
) ENGINE=MyISAM AUTO_INCREMENT=2 DEFAULT CHARSET=utf8mb4 COLLATE=utf8mb4_0900_ai_ci;

--
-- Dumping data for table `eventrecords`
--

INSERT INTO `eventrecords` (`recordID`, `eventID`, `remarks`, `superID`) VALUES
(1, '1', 'NA', 1);

-- --------------------------------------------------------

--
-- Table structure for table `events`
--

DROP TABLE IF EXISTS `events`;
CREATE TABLE IF NOT EXISTS `events` (
  `eventID` int NOT NULL AUTO_INCREMENT,
  `eventName` varchar(50) NOT NULL,
  `eventDesc` varchar(50) NOT NULL,
  `org_ID` int NOT NULL,
  `statusID` int NOT NULL,
  `e_date` datetime NOT NULL,
  PRIMARY KEY (`eventID`),
  KEY `org_ID` (`org_ID`),
  KEY `statusID` (`statusID`)
) ENGINE=MyISAM AUTO_INCREMENT=3 DEFAULT CHARSET=utf8mb4 COLLATE=utf8mb4_0900_ai_ci;

--
-- Dumping data for table `events`
--

INSERT INTO `events` (`eventID`, `eventName`, `eventDesc`, `org_ID`, `statusID`, `e_date`) VALUES
(1, 'sample', 'sample', 1, 1, '2023-11-19 09:32:12'),
(2, 'sample2', 'sample3', 1, 1, '2023-11-19 13:44:43');

-- --------------------------------------------------------

--
-- Table structure for table `eventstatus`
--

DROP TABLE IF EXISTS `eventstatus`;
CREATE TABLE IF NOT EXISTS `eventstatus` (
  `statusID` int NOT NULL AUTO_INCREMENT,
  `status` varchar(255) NOT NULL,
  PRIMARY KEY (`statusID`)
) ENGINE=MyISAM AUTO_INCREMENT=4 DEFAULT CHARSET=utf8mb4 COLLATE=utf8mb4_0900_ai_ci;

--
-- Dumping data for table `eventstatus`
--

INSERT INTO `eventstatus` (`statusID`, `status`) VALUES
(1, 'Pending'),
(2, 'Approved'),
(3, 'Cancelled');

-- --------------------------------------------------------

--
-- Stand-in structure for view `event_info`
-- (See below for the actual view)
--
DROP VIEW IF EXISTS `event_info`;
CREATE TABLE IF NOT EXISTS `event_info` (
`department_Name` varchar(100)
,`dept_ID` int
,`e_date` datetime
,`eventDesc` varchar(50)
,`eventID` int
,`eventName` varchar(50)
,`org_ID` int
,`org_Name` varchar(255)
,`status` varchar(255)
,`statusID` int
);

-- --------------------------------------------------------

--
-- Table structure for table `lost_items`
--

DROP TABLE IF EXISTS `lost_items`;
CREATE TABLE IF NOT EXISTS `lost_items` (
  `id` int NOT NULL AUTO_INCREMENT,
  `item_number` varchar(255) NOT NULL,
  `item_name` varchar(255) NOT NULL,
  `date_found` date NOT NULL,
  `date_claimed` date DEFAULT NULL,
  `Userid` int DEFAULT NULL,
  `StudentId` int DEFAULT NULL,
  PRIMARY KEY (`id`),
  KEY `user_id` (`Userid`),
  KEY `student_id` (`StudentId`)
) ENGINE=MyISAM AUTO_INCREMENT=19 DEFAULT CHARSET=utf8mb4 COLLATE=utf8mb4_0900_ai_ci;

--
-- Dumping data for table `lost_items`
--

INSERT INTO `lost_items` (`id`, `item_number`, `item_name`, `date_found`, `date_claimed`, `Userid`, `StudentId`) VALUES
(1, '000001', 'Cellphone', '2023-11-13', '2023-11-24', NULL, NULL),
(2, '000002', 'Ballpen', '2023-11-14', '2023-11-24', NULL, NULL),
(3, '000003', 'Book', '2023-11-14', '2023-11-24', NULL, NULL),
(4, '000004', 'Pencil', '2023-11-15', '2023-11-24', NULL, NULL),
(5, '000005', 'Bag', '2023-11-17', '2023-11-24', NULL, NULL),
(6, '000006', 'Money', '2023-11-17', '2023-11-24', NULL, NULL),
(7, '000007', 'Shoes', '2023-11-18', '2023-11-24', NULL, NULL),
(8, '000008', 'Ballpen', '2023-11-18', '2023-11-24', NULL, NULL),
(9, '000009', 'Wallet', '2023-11-19', '2023-11-24', NULL, NULL),
(10, '000010', 'ID Lace', '2023-11-20', '2023-11-25', NULL, NULL),
(11, '000011', 'Shades', '2023-11-20', NULL, NULL, NULL),
(12, '000012', 'Key', '2023-11-21', NULL, NULL, NULL),
(13, '000013', 'ID', '2023-11-21', NULL, NULL, NULL),
(14, '000014', 'Money', '2023-11-21', NULL, NULL, NULL),
(15, '000015', 'Headphone', '2023-11-22', NULL, NULL, NULL),
(16, '000016', 'Cellphone', '2023-11-22', NULL, NULL, NULL),
(17, '000017', 'Handkerchief', '2023-11-22', NULL, NULL, NULL),
(18, '000018', 'Adaptor', '2023-11-25', NULL, NULL, NULL);

-- --------------------------------------------------------

--
-- Stand-in structure for view `moderatorcookies`
-- (See below for the actual view)
--
DROP VIEW IF EXISTS `moderatorcookies`;
CREATE TABLE IF NOT EXISTS `moderatorcookies` (
`dept_ID` int
,`org_ID` int
,`password` varchar(255)
,`salt` varchar(10)
,`superID` int
,`userName` varchar(255)
);

-- --------------------------------------------------------

--
-- Stand-in structure for view `moderators`
-- (See below for the actual view)
--
DROP VIEW IF EXISTS `moderators`;
CREATE TABLE IF NOT EXISTS `moderators` (
`org_Name` varchar(255)
,`superID` int
,`username` varchar(255)
);

-- --------------------------------------------------------

--
-- Stand-in structure for view `notifications`
-- (See below for the actual view)
--
DROP VIEW IF EXISTS `notifications`;
CREATE TABLE IF NOT EXISTS `notifications` (
`department_Name` varchar(100)
,`dept_ID` int
,`e_date` datetime
,`eventDesc` varchar(50)
,`eventID` int
,`eventName` varchar(50)
,`org_ID` int
,`org_Name` varchar(255)
,`status` varchar(255)
,`statusID` int
);

-- --------------------------------------------------------

--
-- Table structure for table `organization`
--

DROP TABLE IF EXISTS `organization`;
CREATE TABLE IF NOT EXISTS `organization` (
  `org_ID` int NOT NULL AUTO_INCREMENT,
  `dept_ID` int NOT NULL,
  `org_Name` varchar(255) NOT NULL,
  `superID` int NOT NULL,
  PRIMARY KEY (`org_ID`),
  KEY `superID` (`superID`),
  KEY `dept_ID` (`dept_ID`)
) ENGINE=MyISAM AUTO_INCREMENT=19 DEFAULT CHARSET=utf8mb4 COLLATE=utf8mb4_0900_ai_ci;

--
-- Dumping data for table `organization`
--

INSERT INTO `organization` (`org_ID`, `dept_ID`, `org_Name`, `superID`) VALUES
(1, 1, 'Junior Philippine Association of Management Accountants', 1),
(2, 1, 'Junior Marketing Executives', 2),
(3, 1, 'College of Accountancy, Business and Economics Council', 3),
(4, 1, 'Public Administration Student Association', 4),
(5, 1, 'Association Of Operation Management Students', 5),
(6, 1, 'Young People Management Association of the Philippines', 6),
(7, 2, 'Association of College of Arts and Sciences Students', 7),
(8, 2, 'Circle of Psychology Students', 8),
(9, 2, 'Poderoso Communicador Sociedad', 9),
(10, 3, 'Alliance of Industrial Technology Students', 10),
(11, 3, 'CTRL+A', 11),
(12, 4, 'Junior Philippine Computer Society - Lipa Chapter', 12),
(13, 4, 'Tech Innovators Society', 13),
(14, 5, 'Aspiring Future Educators Guild', 14),
(15, 5, 'Language Educators Association', 15),
(16, 6, 'Junior Philippine Institute of Industrial Engineers', 16),
(17, 0, 'Red Spartan Sports Council', 17),
(18, 0, 'Supreme Student Council Lipa Campus', 18);

-- --------------------------------------------------------

--
-- Table structure for table `security_lostnfound`
--

DROP TABLE IF EXISTS `security_lostnfound`;
CREATE TABLE IF NOT EXISTS `security_lostnfound` (
  `UserId` int NOT NULL AUTO_INCREMENT,
  `username` varchar(50) NOT NULL,
  `password` varchar(50) NOT NULL,
  `role` enum('admin','security') DEFAULT 'security',
  `usersign` varchar(50) NOT NULL,
  PRIMARY KEY (`UserId`)
) ENGINE=MyISAM AUTO_INCREMENT=2126 DEFAULT CHARSET=utf8mb4 COLLATE=utf8mb4_0900_ai_ci;

--
-- Dumping data for table `security_lostnfound`
--

INSERT INTO `security_lostnfound` (`UserId`, `username`, `password`, `role`, `usersign`) VALUES
(1010, 'Admin_Sd', 'adminsd', 'admin', 'Seurity Department'),
(2125, '2125', '2125', 'security', 'Security_G0');

-- --------------------------------------------------------

--
-- Stand-in structure for view `studentinfoview`
-- (See below for the actual view)
--
DROP VIEW IF EXISTS `studentinfoview`;
CREATE TABLE IF NOT EXISTS `studentinfoview` (
`courseID` int
,`courseName` text
,`department_Name` varchar(100)
,`dept_ID` int
,`firstName` varchar(25)
,`lastName` varchar(25)
,`password` varchar(255)
,`salt` varchar(10)
,`section` varchar(250)
,`sr_code` varchar(250)
,`userID` int
,`year` varchar(255)
);

-- --------------------------------------------------------

--
-- Table structure for table `students`
--

DROP TABLE IF EXISTS `students`;
CREATE TABLE IF NOT EXISTS `students` (
  `sr_code` varchar(250) NOT NULL,
  `courseID` int NOT NULL,
  `year` varchar(255) NOT NULL,
  `section` varchar(250) NOT NULL,
  `stud_id` int NOT NULL,
  PRIMARY KEY (`sr_code`),
  KEY `courseID` (`courseID`),
  KEY `stud_id` (`stud_id`)
) ENGINE=MyISAM DEFAULT CHARSET=utf8mb4 COLLATE=utf8mb4_0900_ai_ci;

--
-- Dumping data for table `students`
--

INSERT INTO `students` (`sr_code`, `courseID`, `year`, `section`, `stud_id`) VALUES
('21-33273', 6, '3rd', 'NT-3102', 1),
('21-38474', 6, '3rd', 'NT-3102', 2),
('21-32782', 6, '3rd', 'NT-3102', 3),
('21-36452', 6, '3rd', 'NT-3102', 4),
('21-35509', 6, '3rd', 'NT-3102', 5),
('21-31630', 6, '3rd', 'NT-3102', 6),
('21-30506', 6, '3rd', 'NT-3102', 7),
('21-36155', 6, '3rd', 'NT-3102', 8),
('22-35794', 6, '3rd', 'NT-3102', 9),
('21-35078', 6, '3rd', 'NT-3102', 10),
('21-30802', 6, '3rd', 'NT-3102', 11),
('21-34772', 6, '3rd', 'NT-3102', 12),
('21-36111', 6, '3rd', 'NT-3102', 13),
('21-30320', 6, '3rd', 'NT-3102', 14),
('21-36991', 6, '3rd', 'NT-3102', 15),
('21-37287', 6, '3rd', 'NT-3102', 16),
('21-32548', 6, '3rd', 'NT-3102', 17),
('21-37831', 6, '3rd', 'NT-3102', 18),
('21-37178', 6, '3rd', 'NT-3102', 19),
('21-30812', 6, '3rd', 'NT-3102', 20),
('21-34330', 6, '3rd', 'NT-3102', 21),
('21-32259', 6, '3rd', 'NT-3102', 22),
('21-33470', 6, '3rd', 'NT-3102', 23),
('21-37046', 6, '3rd', 'NT-3102', 24),
('21-36999', 6, '3rd', 'NT-3102', 25),
('21-34053', 6, '3rd', 'NT-3102', 26);

-- --------------------------------------------------------

--
-- Table structure for table `student_lostnfound`
--

DROP TABLE IF EXISTS `student_lostnfound`;
CREATE TABLE IF NOT EXISTS `student_lostnfound` (
  `StudentId` int NOT NULL AUTO_INCREMENT,
  `Sr_code` varchar(191) NOT NULL,
  `password` varchar(255) NOT NULL,
  PRIMARY KEY (`StudentId`)
) ENGINE=MyISAM AUTO_INCREMENT=3 DEFAULT CHARSET=utf8mb4 COLLATE=utf8mb4_0900_ai_ci;

--
-- Dumping data for table `student_lostnfound`
--

INSERT INTO `student_lostnfound` (`StudentId`, `Sr_code`, `password`) VALUES
(1, '21-36991', '21-36991'),
(2, '21-34551', '21-34551');

-- --------------------------------------------------------

--
-- Stand-in structure for view `stud_atendees_view`
-- (See below for the actual view)
--
DROP VIEW IF EXISTS `stud_atendees_view`;
CREATE TABLE IF NOT EXISTS `stud_atendees_view` (
`attendeeID` int
,`DateRegistered` timestamp
,`dept_ID` int
,`e_date` datetime
,`eventID` int
,`org_ID` int
,`sr_code` varchar(250)
,`status` varchar(255)
,`statusID` int
,`stud_dept` varchar(100)
,`stud_deptid` int
,`userID` int
);

-- --------------------------------------------------------

--
-- Table structure for table `superusers`
--

DROP TABLE IF EXISTS `superusers`;
CREATE TABLE IF NOT EXISTS `superusers` (
  `superID` int NOT NULL AUTO_INCREMENT,
  `userName` varchar(255) NOT NULL,
  `password` varchar(255) NOT NULL,
  `salt` varchar(10) NOT NULL,
  PRIMARY KEY (`superID`)
) ENGINE=MyISAM AUTO_INCREMENT=5 DEFAULT CHARSET=utf8mb4 COLLATE=utf8mb4_0900_ai_ci;

--
-- Dumping data for table `superusers`
--

INSERT INTO `superusers` (`superID`, `userName`, `password`, `salt`) VALUES
(0, 'adminval', '95e1d817e753fe6392b68de89c337e4cbcf63d280e77245d5c7a3fc4938863d9', 'kckKVzx9k1'),
(1, 'JPAMA', '3913342ed7e247f86dc7bf83229b90a0cec7d8f7f9a6851927f7becc7fec9035', 'b79dc59cf1'),
(2, 'JME', '18d7d94a8343f46b943d963da0d1b8bb42520ba84d4329280be02e5c542a9ee4', 'fc39983032'),
(3, 'CABE Council', '423a577e2d08ee38ad7969840840efd3ebc0adde65ccce896eb93c3d2c491fc8', '02eb527701');

-- --------------------------------------------------------

--
-- Table structure for table `tbemployee`
--

DROP TABLE IF EXISTS `tbemployee`;
CREATE TABLE IF NOT EXISTS `tbemployee` (
  `empid` int NOT NULL,
  `lastname` varchar(25) NOT NULL,
  `firstname` varchar(25) NOT NULL,
  `department` varchar(20) NOT NULL,
  PRIMARY KEY (`empid`)
) ENGINE=MyISAM DEFAULT CHARSET=utf8mb4 COLLATE=utf8mb4_0900_ai_ci;

--
-- Dumping data for table `tbemployee`
--

INSERT INTO `tbemployee` (`empid`, `lastname`, `firstname`, `department`) VALUES
(1010, 'Admin_Sd', 'Admin_Sd', 'Seurity Department'),
(2125, '2125', 'Jose2125', 'Seurity Department');

-- --------------------------------------------------------

--
-- Table structure for table `tb_studentinfo`
--

DROP TABLE IF EXISTS `tb_studentinfo`;
CREATE TABLE IF NOT EXISTS `tb_studentinfo` (
  `studid` int NOT NULL,
  `lastname` varchar(25) NOT NULL,
  `firstname` varchar(25) NOT NULL,
  `course` varchar(20) NOT NULL,
  PRIMARY KEY (`studid`)
) ENGINE=MyISAM DEFAULT CHARSET=utf8mb4 COLLATE=utf8mb4_0900_ai_ci;

-- --------------------------------------------------------

--
-- Table structure for table `userstudents`
--

DROP TABLE IF EXISTS `userstudents`;
CREATE TABLE IF NOT EXISTS `userstudents` (
  `userID` int NOT NULL AUTO_INCREMENT,
  `sr_code` varchar(250) NOT NULL,
  `password` varchar(255) NOT NULL,
  `salt` varchar(10) NOT NULL,
  PRIMARY KEY (`userID`),
  KEY `sr_code` (`sr_code`)
) ENGINE=MyISAM AUTO_INCREMENT=30 DEFAULT CHARSET=utf8mb4 COLLATE=utf8mb4_0900_ai_ci;

--
-- Dumping data for table `userstudents`
--

INSERT INTO `userstudents` (`userID`, `sr_code`, `password`, `salt`) VALUES
(1, '21-33470', 'e0999eedf060a2ee05ab267bdb52f827b5f0174d839ac30eae6cd235392531f6', '1ea831d0d9'),
(3, '21-33273', 'e0999eedf060a2ee05ab267bdb52f827b5f0174d839ac30eae6cd235392531f6', '1ea831d0d9'),
(4, '21-33273', '7d430643b99da3594a7873338858f0ca71081ea21fe3b4b6f682c0c9fef15a7f', '5cf33853e6'),
(5, '21-38474', '1bee0f83f73a15878cc82283c13538366a3fb3ed0564f06e1e20bf58194dd949', '693fe8f87b'),
(6, '21-32782', 'e60a8e6a2a26dfed792f7fa6731c9190c97a9ce060814de690ce8300df5086cd', 'def3ae3e49'),
(7, '21-36452', 'c691899d7358aad6fb6fe0143e54ab72a79822d62bdb7be0647537dad16c362f', '08b8a50cfa'),
(8, '21-35509', '19e055a435bd8078b7d36a676957e6cc0dd85d892456c273a06258f9a6cb26c2', '2bac8c870d'),
(9, '21-31630', '85056409f6140532957ac7cc5c7aff1491465afbe5ccc1b9c4ebb5b2a2c587cf', 'eafbe8af05'),
(10, '21-30506', '68f952036816eb3f7666b8e38ef5c4a8209b303eec83633bb0612b96f167cd91', 'e6b86cfe1e'),
(11, '21-36155', 'bee34e6d7625870af33d7bb1afed8c49ee75476456ed14f51c415b0437b2dff0', 'ea25019a33'),
(12, '22-35794', 'd523f8c7b7a1cf17ca1c4dc1443defd93631fd2b2173ba1c896198abc6c44889', '310ac96211'),
(13, '21-35078', 'af085716f34a1189a825e7294098ed8804488e1ce4765a6e4992b658c6e34d0e', '8c45d6b368'),
(14, '21-30802', 'b9fc0fe05403d6292c1728c0648aed97857bdf90ec095b649c9ef437a34a41e8', '60c993578c'),
(15, '21-34772', 'a32908d0791aaf2ee3f1601da95b0100bfd99af2e3d90a1af7ca2c2ddc0330e2', 'e06e258c36'),
(16, '21-36111', '8ca3f190fcd7ef812adc04355f5c733d7802e2be0c71265ee4aea38d716681d9', '89371cc5c1'),
(17, '21-30320', 'bf7bdd6c397d37277c4e09fee388360b4f3ec30c6ab40d5c5322da311c9cec74', '4f9edcf30c'),
(18, '21-36991', '36da5019f0afcb58018ae18399442b09c8181e6de0fe6be08f0a904adad1575f', 'fad7ab0365'),
(19, '21-37287', '859fd232f1ffdbc6c7c72b1fe4e1539b50e4547d912fbb844d43f1c3a6452f55', 'd038f8e0c0'),
(20, '21-32548', '6b12af2135dcb8af07fed08109475c672797bb800b831bf266775aa564d4b55d', 'b513d48aec'),
(21, '21-37831', 'b38c790571b7cede183f95c488dc3b012e0d9eac071ded3d0fa7072795ac183d', '2c6da64701'),
(22, '21-37178', '63a0ef321754f3758dfac9132bdd3781b00c7727246048cdad1fa83f0c5297d6', 'ce0fcc8f80'),
(23, '21-30812', 'b7718f05249852d8868d3b3770dde7b1e413a4103ff856de3bf81e6780b6dafa', 'b5786b3fcf'),
(24, '21-34330', '932ce65cc27ff7a3ee3379e9143e10fd515a5f65ad6b24f57d4045feac5eb989', '0aa4ee8b9e'),
(25, '21-32259', '0772a1e16ff62da980965bbb8c3fa1d644c2d929b8c8fabefd8716dac52c38da', '9f02840f36'),
(26, '21-33470', '81ad05d307d788889a7a4373fe07718345eec8baba14ed926cb0729c330087f9', 'b6d5f56a56'),
(27, '21-37046', '6ba7b3d8025efb509156fa6eef5597e39e989dfb7c5c2355d9bdbdfa66b74351', '1b6756451d'),
(28, '21-36999', '0d207d0ebd4c7384e1b8de9e81d55c7a680620e3d466a6af33daf97ec877ba2d', '3aff3dc043'),
(29, '21-34053', 'a9c0da0ee980fbe5720599027e7030d16857b851cd0f2e84c04c8080cd0def05', 'd4c23bdb22');

-- --------------------------------------------------------

--
-- Structure for view `atendees_view`
--
DROP TABLE IF EXISTS `atendees_view`;

DROP VIEW IF EXISTS `atendees_view`;
CREATE ALGORITHM=UNDEFINED DEFINER=`root`@`localhost` SQL SECURITY DEFINER VIEW `atendees_view`  AS SELECT `studentinfoview`.`userID` AS `userID`, `event_info`.`eventID` AS `stud_deptid`, `event_info`.`eventName` AS `eventName`, `event_info`.`eventDesc` AS `eventDesc`, `event_info`.`department_Name` AS `department_Name`, `event_info`.`dept_ID` AS `event_deptid`, `event_info`.`org_Name` AS `org_Name`, `eventattendees`.`attendeeID` AS `attendeeID`, `eventattendees`.`eventID` AS `eventID`, `eventattendees`.`DateRegistered` AS `DateRegistered` FROM ((`eventattendees` join `event_info` on((`event_info`.`eventID` = `eventattendees`.`eventID`))) join `studentinfoview` on((`studentinfoview`.`sr_code` = `eventattendees`.`sr_code`))) GROUP BY `eventattendees`.`attendeeID`, `eventattendees`.`eventID``eventID`  ;

-- --------------------------------------------------------

--
-- Structure for view `event_info`
--
DROP TABLE IF EXISTS `event_info`;

DROP VIEW IF EXISTS `event_info`;
CREATE ALGORITHM=UNDEFINED DEFINER=`root`@`localhost` SQL SECURITY DEFINER VIEW `event_info`  AS SELECT `eventstatus`.`statusID` AS `statusID`, `eventstatus`.`status` AS `status`, `events`.`eventID` AS `eventID`, `events`.`eventName` AS `eventName`, `events`.`eventDesc` AS `eventDesc`, `events`.`org_ID` AS `org_ID`, `events`.`e_date` AS `e_date`, `department`.`department_Name` AS `department_Name`, `organization`.`dept_ID` AS `dept_ID`, `organization`.`org_Name` AS `org_Name` FROM (((`eventstatus` join `events` on((`eventstatus`.`statusID` = `events`.`eventID`))) join `organization` on((`organization`.`org_ID` = `events`.`org_ID`))) join `department` on((`department`.`dept_ID` = `organization`.`dept_ID`)))  ;

-- --------------------------------------------------------

--
-- Structure for view `moderatorcookies`
--
DROP TABLE IF EXISTS `moderatorcookies`;

DROP VIEW IF EXISTS `moderatorcookies`;
CREATE ALGORITHM=UNDEFINED DEFINER=`root`@`localhost` SQL SECURITY DEFINER VIEW `moderatorcookies`  AS SELECT `superusers`.`superID` AS `superID`, `superusers`.`userName` AS `userName`, `superusers`.`password` AS `password`, `superusers`.`salt` AS `salt`, `organization`.`org_ID` AS `org_ID`, `department`.`dept_ID` AS `dept_ID` FROM ((`superusers` join `organization` on((`superusers`.`superID` = `organization`.`superID`))) join `department` on((`department`.`dept_ID` = `organization`.`dept_ID`)))  ;

-- --------------------------------------------------------

--
-- Structure for view `moderators`
--
DROP TABLE IF EXISTS `moderators`;

DROP VIEW IF EXISTS `moderators`;
CREATE ALGORITHM=UNDEFINED DEFINER=`root`@`localhost` SQL SECURITY DEFINER VIEW `moderators`  AS SELECT `superusers`.`superID` AS `superID`, `superusers`.`userName` AS `username`, `organization`.`org_Name` AS `org_Name` FROM (`organization` join `superusers` on((`organization`.`superID` = `superusers`.`superID`)))  ;

-- --------------------------------------------------------

--
-- Structure for view `notifications`
--
DROP TABLE IF EXISTS `notifications`;

DROP VIEW IF EXISTS `notifications`;
CREATE ALGORITHM=UNDEFINED DEFINER=`root`@`localhost` SQL SECURITY DEFINER VIEW `notifications`  AS SELECT `event_info`.`statusID` AS `statusID`, `event_info`.`status` AS `status`, `event_info`.`eventID` AS `eventID`, `event_info`.`eventName` AS `eventName`, `event_info`.`eventDesc` AS `eventDesc`, `event_info`.`org_ID` AS `org_ID`, `event_info`.`e_date` AS `e_date`, `event_info`.`department_Name` AS `department_Name`, `event_info`.`dept_ID` AS `dept_ID`, `event_info`.`org_Name` AS `org_Name` FROM `event_info` WHERE ((cast(`event_info`.`e_date` as date) between now() and (now() + interval 7 day)) AND (`event_info`.`status` = 'Approved'))  ;

-- --------------------------------------------------------

--
-- Structure for view `studentinfoview`
--
DROP TABLE IF EXISTS `studentinfoview`;

DROP VIEW IF EXISTS `studentinfoview`;
CREATE ALGORITHM=UNDEFINED DEFINER=`root`@`localhost` SQL SECURITY DEFINER VIEW `studentinfoview`  AS SELECT `userstudents`.`userID` AS `userID`, `students`.`sr_code` AS `sr_code`, `userstudents`.`password` AS `password`, `userstudents`.`salt` AS `salt`, `tb_studentinfo`.`firstname` AS `firstName`, `tb_studentinfo`.`lastname` AS `lastName`, `course`.`courseID` AS `courseID`, `students`.`year` AS `year`, `students`.`section` AS `section`, `course`.`courseName` AS `courseName`, `department`.`dept_ID` AS `dept_ID`, `department`.`department_Name` AS `department_Name` FROM ((((`userstudents` join `students` on((`students`.`sr_code` = `userstudents`.`sr_code`))) join `tb_studentinfo` on((`students`.`stud_id` = `tb_studentinfo`.`studid`))) join `course` on((`course`.`courseID` = `students`.`courseID`))) join `department` on((`department`.`dept_ID` = `course`.`dept_ID`)))  ;

-- --------------------------------------------------------

--
-- Structure for view `stud_atendees_view`
--
DROP TABLE IF EXISTS `stud_atendees_view`;

DROP VIEW IF EXISTS `stud_atendees_view`;
CREATE ALGORITHM=UNDEFINED DEFINER=`root`@`localhost` SQL SECURITY DEFINER VIEW `stud_atendees_view`  AS SELECT `studentinfoview`.`userID` AS `userID`, `studentinfoview`.`dept_ID` AS `dept_ID`, `studentinfoview`.`department_Name` AS `stud_dept`, `event_info`.`statusID` AS `statusID`, `event_info`.`status` AS `status`, `eventattendees`.`eventID` AS `stud_deptid`, `event_info`.`org_ID` AS `org_ID`, `event_info`.`e_date` AS `e_date`, `eventattendees`.`attendeeID` AS `attendeeID`, `eventattendees`.`eventID` AS `eventID`, `eventattendees`.`DateRegistered` AS `DateRegistered`, `studentinfoview`.`sr_code` AS `sr_code` FROM ((`eventattendees` join `event_info` on((`event_info`.`eventID` = `eventattendees`.`eventID`))) join `studentinfoview` on((`studentinfoview`.`userID` = `eventattendees`.`attendeeID`)))  ;
COMMIT;

/*!40101 SET CHARACTER_SET_CLIENT=@OLD_CHARACTER_SET_CLIENT */;
/*!40101 SET CHARACTER_SET_RESULTS=@OLD_CHARACTER_SET_RESULTS */;
/*!40101 SET COLLATION_CONNECTION=@OLD_COLLATION_CONNECTION */;
